{
    "11": {
        "13": 0.21992144413460485,
        "14": 0.020096838068074004,
        "18": 0,
        "20": 0,
        "28": 0,
        "29": 0.16215917908794275,
        "37": 0,
        "39": 0.006175664346143486,
        "45": 0.012845889985604863,
        "57": 0.10439691404128067,
        "58": 0.020096838068074004
    },
    "12": {
        "3": 0.2030044099704045,
        "14": 0.018550927447452927,
        "18": 0,
        "20": 0,
        "28": 0,
        "29": 0.14968539608117795,
        "37": 0,
        "39": 0.005700613242593988,
        "45": 0.011857744602096798,
        "46": 0.005700613242593988,
        "57": 0.0963663821919514,
        "58": 0.018550927447452927
    },
    "13": {
        "14": 0.018550927447452927,
        "15": 0.11849577238054994,
        "18": 0,
        "20": 0,
        "28": 0,
        "30": 0.2030044099704045,
        "37": 0,
        "39": 0.005700613242593988,
        "45": 0.011857744602096798,
        "46": 0.005700613242593988,
        "47": 0.2030044099704045,
        "58": 0.018550927447452927
    },
    "14": {
        "0": 0.2030044099704045,
        "14": 0.018550927447452927,
        "18": 0,
        "20": 0,
        "28": 0,
        "37": 0,
        "39": 0.005700613242593988,
        "45": 0.011857744602096798,
        "46": 0.005700613242593988,
        "57": 0.0963663821919514,
        "58": 0.018550927447452927
    },
    "15": {
        "8": 0.21992144413460485,
        "14": 0.020096838068074004,
        "18": 0,
        "20": 0,
        "21": 0.21992144413460485,
        "28": 0,
        "37": 0,
        "39": 0.006175664346143486,
        "43": 0.21992144413460485,
        "45": 0.012845889985604863,
        "46": 0.006175664346143486,
        "58": 0.020096838068074004
    },
    "16": {
        "4": 0.11995715134614811,
        "7": 0.11995715134614811,
        "14": 0.010961911673494912,
        "18": 0,
        "20": 0,
        "23": 0.08845046132069606,
        "24": 0.11995715134614811,
        "26": 0.11995715134614811,
        "27": 0.03851353910850926,
        "28": 0,
        "32": 0.05694377129524401,
        "34": 0.05694377129524401,
        "37": 0,
        "39": 0.003368544188805538,
        "44": 0.11995715134614811,
        "45": 0.007006849083057198,
        "46": 0.003368544188805538,
        "49": 0.07002022913396132,
        "51": 0.11995715134614811,
        "56": 0.08845046132069606,
        "58": 0.010961911673494912,
        "61": 0.05694377129524401
    },
    "17": {
        "14": 0.014186003342169885,
        "18": 0,
        "20": 0,
        "23": 0.11446530288560666,
        "27": 0.04984105061101198,
        "28": 0,
        "32": 0.07369193932325695,
        "34": 0.07369193932325695,
        "37": 0,
        "39": 0.004359292479630696,
        "41": 0.15523866644795636,
        "45": 0.009067687048662256,
        "46": 0.004359292479630696,
        "49": 0.0906144141733617,
        "56": 0.11446530288560666,
        "58": 0.014186003342169885,
        "61": 0.07369193932325695
    },
    "18": {
        "10": 0.2030044099704045,
        "18": 0,
        "20": 0,
        "27": 0.06517675849132336,
        "28": 0,
        "32": 0.0963663821919514,
        "34": 0.0963663821919514,
        "35": 0.2030044099704045,
        "37": 0,
        "45": 0.011857744602096798,
        "46": 0.005700613242593988,
        "54": 0.2030044099704045,
        "61": 0.0963663821919514
    },
    "19": {
        "14": 0.017225861201206286,
        "18": 0,
        "20": 0,
        "27": 0.06052127574194312,
        "28": 0,
        "32": 0.08948306917824057,
        "34": 0.08948306917824057,
        "37": 0,
        "39": 0.005293426582408702,
        "45": 0.011010762844804168,
        "46": 0.005293426582408702,
        "49": 0.11003178863908207,
        "58": 0.017225861201206286,
        "61": 0.08948306917824057
    },
    "20": {
        "14": 0.020096838068074004,
        "18": 0,
        "20": 0,
        "28": 0,
        "37": 0,
        "39": 0.006175664346143486,
        "45": 0.012845889985604863,
        "46": 0.006175664346143486,
        "57": 0.10439691404128067,
        "58": 0.020096838068074004,
        "60": 0.21992144413460485
    },
    "21": {
        "14": 0.018550927447452927,
        "18": 0,
        "20": 0,
        "22": 0.14968539608117795,
        "27": 0.06517675849132336,
        "28": 0,
        "37": 0,
        "39": 0.005700613242593988,
        "45": 0.011857744602096798,
        "46": 0.005700613242593988,
        "50": 0.2030044099704045,
        "53": 0.2030044099704045,
        "58": 0.018550927447452927
    },
    "22": {
        "2": 0.14661429608973656,
        "14": 0.013397892045382668,
        "17": 0.14661429608973656,
        "18": 0,
        "19": 0.14661429608973656,
        "20": 0,
        "22": 0.10810611939196184,
        "27": 0.09414420670968929,
        "28": 0,
        "31": 0.14661429608973656,
        "37": 0,
        "39": 0.004117109564095657,
        "42": 0.14661429608973656,
        "45": 0.008563926657069908,
        "46": 0.004117109564095657,
        "48": 0.14661429608973656,
        "58": 0.013397892045382668
    },
    "23": {
        "1": 0.11446530288560666,
        "6": 0.11446530288560666,
        "9": 0.15523866644795636,
        "12": 0.11446530288560666,
        "15": 0.1812288283467234,
        "18": 0,
        "20": 0,
        "25": 0.15523866644795636,
        "28": 0,
        "33": 0.11446530288560666,
        "37": 0,
        "38": 0.11446530288560666,
        "39": 0.004359292479630696,
        "40": 0.11446530288560666,
        "46": 0.004359292479630696,
        "55": 0.11446530288560666
    },
    "24": {
        "1": 0.08460478908936145,
        "5": 0.11474162302675037,
        "6": 0.08460478908936145,
        "11": 0.11474162302675037,
        "12": 0.08460478908936145,
        "15": 0.13395174269105645,
        "16": 0.11474162302675037,
        "18": 0,
        "20": 0,
        "28": 0,
        "33": 0.08460478908936145,
        "36": 0.11474162302675037,
        "37": 0,
        "38": 0.08460478908936145,
        "39": 0.0032220857458139926,
        "40": 0.08460478908936145,
        "46": 0.0032220857458139926,
        "52": 0.22948324605350073,
        "55": 0.08460478908936145,
        "59": 0.11474162302675037,
        "62": 0.11474162302675037
    }
}